{"0.11862740152215845":{"user_id":2},"0.6818550432990436":{"user_id":2},"0.06311758485908703":{"user_id":16},"0.9385653868191663":{"user_id":1},"0.444400487530652":{"user_id":16}}